attribution_method,configuration,resolution,baseline_id_mismatch,unique_rows,frozen_match_rows,model_identity_verified_attempts
eigencam,combined,128,True,240,240,0
eigencam,combined,160,True,240,0,0
eigencam,combined,192,True,240,240,0
eigencam,combined,224,True,240,0,0
eigencam,ham,128,True,240,240,0
eigencam,ham,160,False,240,0,0
eigencam,ham,192,False,240,240,0
eigencam,ham,224,False,240,0,0
eigencam,isic,128,True,240,240,0
eigencam,isic,160,True,240,0,0
eigencam,isic,192,True,240,240,0
eigencam,isic,224,True,240,0,0
eigencam,train_ham_test_isic,128,False,240,240,0
eigencam,train_ham_test_isic,160,True,240,0,0
eigencam,train_ham_test_isic,192,True,240,240,0
eigencam,train_ham_test_isic,224,True,240,0,0
ig,combined,128,True,240,0,0
ig,combined,160,True,240,0,0
ig,combined,192,True,240,0,0
ig,combined,224,True,240,0,0
ig,ham,128,True,240,0,0
ig,ham,160,False,240,0,0
ig,ham,192,False,240,0,0
ig,ham,224,False,240,0,0
ig,isic,128,True,240,0,0
ig,isic,160,True,240,0,0
ig,isic,192,True,240,0,0
ig,isic,224,True,240,0,0
ig,train_ham_test_isic,128,False,240,0,0
ig,train_ham_test_isic,160,True,240,0,0
ig,train_ham_test_isic,192,True,240,0,0
ig,train_ham_test_isic,224,True,240,0,0
scorecam,combined,128,True,240,240,0
scorecam,combined,160,True,240,0,0
scorecam,combined,192,True,240,240,0
scorecam,combined,224,True,240,0,0
scorecam,ham,128,True,240,240,0
scorecam,ham,160,False,240,0,0
scorecam,ham,192,False,240,240,0
scorecam,ham,224,False,240,0,0
scorecam,isic,128,True,240,240,0
scorecam,isic,160,True,240,0,0
scorecam,isic,192,True,240,240,0
scorecam,isic,224,True,240,0,0
scorecam,train_ham_test_isic,128,False,240,240,0
scorecam,train_ham_test_isic,160,True,240,0,0
scorecam,train_ham_test_isic,192,True,240,240,0
scorecam,train_ham_test_isic,224,True,240,0,0
shap,combined,128,True,240,0,0
shap,combined,160,True,240,0,0
shap,combined,192,True,240,0,0
shap,combined,224,True,240,0,0
shap,ham,128,True,240,0,0
shap,ham,160,False,240,0,0
shap,ham,192,False,240,0,0
shap,ham,224,False,240,0,0
shap,isic,128,True,240,0,0
shap,isic,160,True,240,0,0
shap,isic,192,True,240,0,0
shap,isic,224,True,240,0,0
shap,train_ham_test_isic,128,False,240,0,0
shap,train_ham_test_isic,160,True,240,0,0
shap,train_ham_test_isic,192,True,240,0,0
shap,train_ham_test_isic,224,True,240,0,0
