dataset_domain,attribution_method_cam,preprocess_cam,count,mean,rank_lower_edi
combined,gradcam,diffusion,160,0.7465618938552694,5.0
combined,gradcam,dl_preprocess,160,0.7859516606152097,6.0
combined,gradcam,dullrazor,160,0.38980048251235233,1.0
combined,gradcam,hdbmie,160,0.5135773400775312,4.0
combined,gradcam,navier_stokes,160,0.4827726525775975,2.0
combined,gradcam,telea,160,0.49061906530059096,3.0
combined,gradcampp,diffusion,160,0.7553034790389791,6.0
combined,gradcampp,dl_preprocess,160,0.69583183067993,3.0
combined,gradcampp,dullrazor,160,0.7497305488933237,5.0
combined,gradcampp,hdbmie,160,0.7397959558437915,4.0
combined,gradcampp,navier_stokes,160,0.6917724771888679,2.0
combined,gradcampp,telea,160,0.6799948045440811,1.0
ham,gradcam,diffusion,160,0.3050294925248768,1.0
ham,gradcam,dl_preprocess,160,0.6740530840047341,6.0
ham,gradcam,dullrazor,160,0.5833083554436509,4.0
ham,gradcam,hdbmie,160,0.6202602232571813,5.0
ham,gradcam,navier_stokes,160,0.5389705804623057,2.0
ham,gradcam,telea,160,0.5745261126372836,3.0
ham,gradcampp,diffusion,160,0.7338610673811077,4.0
ham,gradcampp,dl_preprocess,160,0.7249550883883884,2.0
ham,gradcampp,dullrazor,160,0.6825724326380598,1.0
ham,gradcampp,hdbmie,160,0.7584745843548467,6.0
ham,gradcampp,navier_stokes,160,0.743316209352961,5.0
ham,gradcampp,telea,160,0.7271059986496758,3.0
isic,gradcam,diffusion,160,0.7430039360539309,6.0
isic,gradcam,dl_preprocess,160,0.7361431048544442,5.0
isic,gradcam,dullrazor,160,0.3756851439781899,2.0
isic,gradcam,hdbmie,160,0.4018469463990553,4.0
isic,gradcam,navier_stokes,160,0.35731034185767835,1.0
isic,gradcam,telea,160,0.3779538529693051,3.0
isic,gradcampp,diffusion,160,0.7322803877044296,5.0
isic,gradcampp,dl_preprocess,160,0.7220709587127806,4.0
isic,gradcampp,dullrazor,160,0.7178273548306349,3.0
isic,gradcampp,hdbmie,160,0.7693195114513135,6.0
isic,gradcampp,navier_stokes,160,0.7012115932337298,2.0
isic,gradcampp,telea,160,0.6767298402222705,1.0
train_ham_test_isic,gradcam,diffusion,160,0.6748811885421471,6.0
train_ham_test_isic,gradcam,dl_preprocess,160,0.668071606813724,5.0
train_ham_test_isic,gradcam,dullrazor,160,0.48789696284109957,1.0
train_ham_test_isic,gradcam,hdbmie,160,0.5428932186291248,4.0
train_ham_test_isic,gradcam,navier_stokes,160,0.48983455538981807,2.0
train_ham_test_isic,gradcam,telea,160,0.49553943018034613,3.0
train_ham_test_isic,gradcampp,diffusion,160,0.6999898775005405,1.0
train_ham_test_isic,gradcampp,dl_preprocess,160,0.7255538092429615,4.0
train_ham_test_isic,gradcampp,dullrazor,160,0.7070359165401723,2.0
train_ham_test_isic,gradcampp,hdbmie,160,0.7260192648430757,5.0
train_ham_test_isic,gradcampp,navier_stokes,160,0.720604735090397,3.0
train_ham_test_isic,gradcampp,telea,160,0.7277128550518597,6.0
