relative_path,sha256
.gitignore,153ca60694f71580d0ae4e8740b75cb130650d2f027810e635d27f3250d52d3c
HANDOFF.md,891b9cf447a98c0c1d49eedc382c6242c590f4d53ade1a2b1aaae8b033db594c
README.md,ecef60245c376a65409fe42713e05167844b9ddb836a4fc372e4101611ba013a
TASKS.md,d443112b5193281a5d9b6e5ac5f5c4013bdac045892aa27cce5b1a9e703aebe8
docs/Dissertation_Continuation_Provenance_Audit_2026-10-01.md,f26dfcb886f70940e54632a11c680018b8eb5e46f2a3be337306cb9491f66518
docs/Dissertation_Provenance_Reconciliation_Addendum_2026-10-01.md,19b02e47ee6e542164aa70af5c95352b233931e7e40eb752bb45b8d78d9fda5f
evidence/drive_references.md,db59c6edb410c57e962b5a07be983b738e840983de1f85922f8058e68d4456f0
evidence/prior_audit_status_snapshots.json,f21207993009689b00dd3bc2b2cb3e67c6afbd6ba2f7af0290f0e147b8345d2a
evidence/uploaded_file_hashes.csv,2888440160bf9b3c874661bd0a3034b2ef02f2073c9de9b5f5997b5eb21d4ca1
notebooks/EDI_Adaptive_SSIM_Repair_Reproduction_v1.ipynb,1af42972efc3fbbef4120228e9d55772b8316b0b604e94af83e9a640738ed0f6
notebooks/EDI_Historical_Protocol_Pairing_Audit_v2.ipynb,5d83c6182025abd4ea4f433c6c9fbe20dd0f361e3e8edd36bd247eaf7b89df91
notebooks/EDI_Remaining_Method_Protocol_Pair_Audit_v1.ipynb,9629473c372c2d89c2df4e26e6727f1de2bd2bfd7f2e69f1e96877f10599a811
registers/table_figure_register.csv,1f907605d278d754c71b1403b0f4a074ea4c6da8789f7b55a6936d61fce5f6a0
