filename,bytes,sha256,scope
AttributionResultsDF_gradcam_gradcampp_remediated_v3(1).csv,3624482,36ab13e5027af405700859923c17149b9e18140443e54b76a274d6057a9f5ab7,supplied artifact; scientific validation separately recorded
Attribution_files-20261002T123253Z-1-001.zip,2362161,ded4e6b6ee53656f71160dc9254bbf42e2e84428b53a0416e355db7015e45c56,supplied artifact; scientific validation separately recorded
EDI_Internal_Attribution_Provenance_Integration_v1 (1).ipynb,38051,22f1731fe67ff5c5ae8ef3c194741d1ba45c806f569d7f986434fbf4f6cbe861,supplied artifact; scientific validation separately recorded
EDI_Interpretability_SSIM_and_Bootstrap_Specification_Audit_(2).ipynb,1453268,b7857f6e030ac41808b662bc1b71901531d92b217f32c1e1738dda28ba736eb1,supplied artifact; scientific validation separately recorded
EDI_P5_P6_Analysis_Builder (12).ipynb,1970487,f6617699922a1e8e85c5f1e4836a481d82261cbad16bb1160980dbafc611c0f3,supplied artifact; scientific validation separately recorded
EDI_P5_P6_Analysis_Builder (13).ipynb,1970487,f6617699922a1e8e85c5f1e4836a481d82261cbad16bb1160980dbafc611c0f3,supplied artifact; scientific validation separately recorded
ExternalValidationPhase3Experiments (1).ipynb,274086,9f84f9636db9810770f0222f259433267cce07607dfa80833cb7beafb7832cac,supplied artifact; scientific validation separately recorded
GradCAM_GradCAMPP_Internal_Remediation_(3) (2)(1).ipynb,300022,0b4df3e65af82469d88ecf383d1d8289a1ecf6fd872d74f6df92790c06bcd6ab,supplied artifact; scientific validation separately recorded
GradCamPP__Eigencam (1).ipynb,613933,1733647c6c9dba7ba0f5c2b4cf8ab3d5ce87e139261f81e84b05c1fe73f0c66c,supplied artifact; scientific validation separately recorded
HAMMOND_DISSERTATION (10).zip,71741697,03f6fc9eda2603aaa272555d2bf4fa4450692c8e409146b585e84f78a3726d6a,supplied artifact; scientific validation separately recorded
IG_attribution_DF.ipynb,287330,0a9d6b44fe540a4b8ce29d7d05a8b43e21e41e70575faa939510e653c83f3750,supplied artifact; scientific validation separately recorded
IG_only (6).ipynb,488172,36523ed67e59a83ffd2497230af52496a25ff54a2ddd4dff2ac01ee773555466,supplied artifact; scientific validation separately recorded
P5_P6_phase3Validation_SHAP_IG (1).ipynb,1780622,f7f17038cb79db2eb948e9f4cb6c6582b53564be7b3f89deebbdd657926a8726,supplied artifact; scientific validation separately recorded
SHAP_only (2).ipynb,416789,4aebe8b9b414849950ad470fb40cf57390cb32be6b02354bfb1df3f6a69a3bfc,supplied artifact; scientific validation separately recorded
Score_CAM_only (6).ipynb,627575,e0c3cb97b0601754dfe7808b11dced2310552cb56f7c81dfb409b5b24f25d6dc,supplied artifact; scientific validation separately recorded
Untitled37 (2).ipynb,611488,6861c59abd8599f8e5566120dacfd8877a9ab7e3622c41217b61c0428998f3a2,supplied artifact; scientific validation separately recorded
Untitled38 (2).ipynb,1139456,80cd68baeb736127d110eb1d06cdd17dae90b3fcbc4a8998341de8b7638dc032,supplied artifact; scientific validation separately recorded
edi_dissertation_folder_artifact_map_v1_compact_bundle (3).zip,1924109,e0b7db416497e35e71d99ebd2089bf4c9bf27814d1dc662372f811d3016316ab,supplied artifact; scientific validation separately recorded
edi_gradcam_remediation_provenance_recovery_v1_compact_bundle (1)(1).zip,469964,522b7517864198a4f0d6250a9669725df8128459a9e87ed92bbcfb4c2d982c0e,supplied artifact; scientific validation separately recorded
edi_gradcam_remediation_provenance_recovery_v1_compact_bundle (1).zip,469964,522b7517864198a4f0d6250a9669725df8128459a9e87ed92bbcfb4c2d982c0e,supplied artifact; scientific validation separately recorded
edi_ham_to_isic_baseline_map_recovery_v1_compact_bundle (1)(1).zip,78852,63879635f8c13598e36259c44f39754e0adb83da7a8d99d2a42349e0503ff570,supplied artifact; scientific validation separately recorded
edi_ham_to_isic_baseline_map_recovery_v1_compact_bundle (1).zip,78852,63879635f8c13598e36259c44f39754e0adb83da7a8d99d2a42349e0503ff570,supplied artifact; scientific validation separately recorded
edi_historical_protocol_pairing_audit_v2_compact_bundle.zip,2642953,7ca12839ec1ec974d56cc24f54c9465f4b99f264bda75d4eb125be172e8f781b,supplied artifact; scientific validation separately recorded
edi_internal_attribution_provenance_integration_v1_compact_bundle(1).zip,6584358,4f967ce3365eb863fc931ff7b7d521c3a1c3ce4dbfbb546e4fdb2645833f86e7,supplied artifact; scientific validation separately recorded
edi_internal_baseline_pairing_map_provenance_audit_v1_compact_bundle (1)(1).zip,417443,a886bb8a798767c7f064c46783ce282bbb546a509c569ada77d792d58af8d86f,supplied artifact; scientific validation separately recorded
edi_internal_baseline_pairing_map_provenance_audit_v1_compact_bundle (1).zip,417443,a886bb8a798767c7f064c46783ce282bbb546a509c569ada77d792d58af8d86f,supplied artifact; scientific validation separately recorded
edi_remaining_method_protocol_pair_audit_v1_compact_bundle.zip,2604261,8f8465e34e84aad31c25de41b53f471771813c3ec2275f67d0c1aad7aea384d7,supplied artifact; scientific validation separately recorded
progress-20261002T123754Z-1-001.zip,2002585,511a3b80311f23007330ddbe621299d4c236c815eb363c1229254ae0bb05c1ea,supplied artifact; scientific validation separately recorded
